update_id,voyage,source,ship,published_at,eta_before,eta_after,delta_hrs,hrs_to_arrival
FU-1101#S_FE#0,FU-1101,S_FE,Jade Breeze,2026-08-10T08:47:31Z,2026-08-14T09:23:31Z,2026-08-13T20:28:35Z,-12.92,96.0
FU-1101#S_FE#1,FU-1101,S_FE,Jade Breeze,2026-08-10T14:47:31Z,2026-08-13T20:28:35Z,2026-08-14T10:18:52Z,13.84,90.0
FU-1101#S_FE#2,FU-1101,S_FE,Jade Breeze,2026-08-10T20:47:31Z,2026-08-14T10:18:52Z,2026-08-14T06:53:56Z,-3.42,84.0
FU-1101#S_FE#3,FU-1101,S_FE,Jade Breeze,2026-08-11T02:47:31Z,2026-08-14T06:53:56Z,2026-08-14T10:04:19Z,3.17,78.0
FU-1101#S_FE#4,FU-1101,S_FE,Jade Breeze,2026-08-11T08:47:31Z,2026-08-14T10:04:19Z,2026-08-14T07:19:39Z,-2.74,72.0
FU-1101#S_FE#5,FU-1101,S_FE,Jade Breeze,2026-08-11T14:47:31Z,2026-08-14T07:19:39Z,2026-08-14T12:51:07Z,5.52,66.0
FU-1101#S_FE#6,FU-1101,S_FE,Jade Breeze,2026-08-11T20:47:31Z,2026-08-14T12:51:07Z,2026-08-14T06:41:49Z,-6.15,60.0
FU-1101#S_FE#7,FU-1101,S_FE,Jade Breeze,2026-08-12T02:47:31Z,2026-08-14T06:41:49Z,2026-08-14T08:53:40Z,2.2,54.0
FU-1101#S_FE#8,FU-1101,S_FE,Jade Breeze,2026-08-12T08:47:31Z,2026-08-14T08:53:40Z,2026-08-14T05:46:40Z,-3.12,48.0
FU-1101#S_FE#9,FU-1101,S_FE,Jade Breeze,2026-08-12T14:47:31Z,2026-08-14T05:46:40Z,2026-08-14T11:19:07Z,5.54,42.0
FU-1101#S_FE#10,FU-1101,S_FE,Jade Breeze,2026-08-12T20:47:31Z,2026-08-14T11:19:07Z,2026-08-14T10:46:34Z,-0.54,36.0
FU-1101#S_FE#11,FU-1101,S_FE,Jade Breeze,2026-08-13T02:47:31Z,2026-08-14T10:46:34Z,2026-08-14T05:51:33Z,-4.92,30.0
FU-1101#S_FE#12,FU-1101,S_FE,Jade Breeze,2026-08-13T08:47:31Z,2026-08-14T05:51:33Z,2026-08-14T09:17:58Z,3.44,24.0
FU-1101#S_FE#13,FU-1101,S_FE,Jade Breeze,2026-08-13T14:47:31Z,2026-08-14T09:17:58Z,2026-08-14T09:33:13Z,0.25,18.0
FU-1101#S_FE#14,FU-1101,S_FE,Jade Breeze,2026-08-13T20:47:31Z,2026-08-14T09:33:13Z,2026-08-14T08:49:18Z,-0.73,12.0
FU-1101#S_ML#0,FU-1101,S_ML,Jade Breeze,2026-07-31T08:47:31Z,2026-08-13T23:42:09Z,2026-08-14T06:45:25Z,7.05,336.0
FU-1101#S_ML#1,FU-1101,S_ML,Jade Breeze,2026-08-01T20:47:31Z,2026-08-14T06:45:25Z,2026-08-14T03:41:54Z,-3.06,300.0
FU-1101#S_ML#2,FU-1101,S_ML,Jade Breeze,2026-08-03T08:47:31Z,2026-08-14T03:41:54Z,2026-08-14T07:59:18Z,4.29,264.0
FU-1101#S_ML#3,FU-1101,S_ML,Jade Breeze,2026-08-04T20:47:31Z,2026-08-14T07:59:18Z,2026-08-14T11:28:16Z,3.48,228.0
FU-1101#S_ML#4,FU-1101,S_ML,Jade Breeze,2026-08-06T08:47:31Z,2026-08-14T11:28:16Z,2026-08-14T10:43:06Z,-0.75,192.0
FU-1101#S_ML#5,FU-1101,S_ML,Jade Breeze,2026-08-07T20:47:31Z,2026-08-14T10:43:06Z,2026-08-14T09:32:55Z,-1.17,156.0
FU-1101#S_ML#6,FU-1101,S_ML,Jade Breeze,2026-08-09T08:47:31Z,2026-08-14T09:32:55Z,2026-08-14T06:14:16Z,-3.31,120.0
FU-1101#S_ML#7,FU-1101,S_ML,Jade Breeze,2026-08-10T20:47:31Z,2026-08-14T06:14:16Z,2026-08-14T11:40:37Z,5.44,84.0
FU-1101#S_ML#8,FU-1101,S_ML,Jade Breeze,2026-08-12T08:47:31Z,2026-08-14T11:40:37Z,2026-08-14T07:46:03Z,-3.91,48.0
FU-1101#S_ML#9,FU-1101,S_ML,Jade Breeze,2026-08-13T20:47:31Z,2026-08-14T07:46:03Z,2026-08-14T09:01:20Z,1.25,12.0
FU-1101#S_TE#0,FU-1101,S_TE,Jade Breeze,2026-08-12T08:47:31Z,2026-08-14T14:44:29Z,2026-08-14T06:13:23Z,-8.52,48.0
FU-1101#S_TE#1,FU-1101,S_TE,Jade Breeze,2026-08-12T11:47:31Z,2026-08-14T06:13:23Z,2026-08-14T10:21:42Z,4.14,45.0
FU-1101#S_TE#2,FU-1101,S_TE,Jade Breeze,2026-08-12T14:47:31Z,2026-08-14T10:21:42Z,2026-08-14T10:54:24Z,0.54,42.0
FU-1101#S_TE#3,FU-1101,S_TE,Jade Breeze,2026-08-12T17:47:31Z,2026-08-14T10:54:24Z,2026-08-14T08:40:13Z,-2.24,39.0
FU-1101#S_TE#4,FU-1101,S_TE,Jade Breeze,2026-08-12T20:47:31Z,2026-08-14T08:40:13Z,2026-08-14T11:25:46Z,2.76,36.0
FU-1101#S_TE#5,FU-1101,S_TE,Jade Breeze,2026-08-12T23:47:31Z,2026-08-14T11:25:46Z,2026-08-14T07:44:39Z,-3.69,33.0
FU-1101#S_TE#6,FU-1101,S_TE,Jade Breeze,2026-08-13T02:47:31Z,2026-08-14T07:44:39Z,2026-08-14T09:28:13Z,1.73,30.0
FU-1101#S_TE#7,FU-1101,S_TE,Jade Breeze,2026-08-13T05:47:31Z,2026-08-14T09:28:13Z,2026-08-14T10:27:03Z,0.98,27.0
FU-1101#S_TE#8,FU-1101,S_TE,Jade Breeze,2026-08-13T08:47:31Z,2026-08-14T10:27:03Z,2026-08-14T08:48:58Z,-1.63,24.0
FU-1101#S_TE#9,FU-1101,S_TE,Jade Breeze,2026-08-13T11:47:31Z,2026-08-14T08:48:58Z,2026-08-14T10:42:08Z,1.89,21.0
FU-1101#S_TE#10,FU-1101,S_TE,Jade Breeze,2026-08-13T14:47:31Z,2026-08-14T10:42:08Z,2026-08-14T07:33:24Z,-3.15,18.0
FU-1101#S_TE#11,FU-1101,S_TE,Jade Breeze,2026-08-13T17:47:31Z,2026-08-14T07:33:24Z,2026-08-14T09:05:26Z,1.53,15.0
FU-1101#S_TE#12,FU-1101,S_TE,Jade Breeze,2026-08-13T20:47:31Z,2026-08-14T09:05:26Z,2026-08-14T08:51:58Z,-0.22,12.0
FU-1101#S_TE#13,FU-1101,S_TE,Jade Breeze,2026-08-13T23:47:31Z,2026-08-14T08:51:58Z,2026-08-14T08:41:23Z,-0.18,9.0
FU-1101#S_TE#14,FU-1101,S_TE,Jade Breeze,2026-08-14T02:47:31Z,2026-08-14T08:41:23Z,2026-08-14T08:59:38Z,0.3,6.0
FU-1102#S_FE#0,FU-1102,S_FE,Ripple,2026-08-09T22:09:57Z,2026-08-14T20:36:08Z,2026-08-14T00:16:15Z,-20.33,96.0
FU-1102#S_FE#1,FU-1102,S_FE,Ripple,2026-08-10T04:09:57Z,2026-08-14T00:16:15Z,2026-08-13T23:29:28Z,-0.78,90.0
FU-1102#S_FE#2,FU-1102,S_FE,Ripple,2026-08-10T10:09:57Z,2026-08-13T23:29:28Z,2026-08-13T22:59:38Z,-0.5,84.0
FU-1102#S_FE#3,FU-1102,S_FE,Ripple,2026-08-10T16:09:57Z,2026-08-13T22:59:38Z,2026-08-14T01:17:18Z,2.29,78.0
FU-1102#S_FE#4,FU-1102,S_FE,Ripple,2026-08-10T22:09:57Z,2026-08-14T01:17:18Z,2026-08-13T19:11:28Z,-6.1,72.0
FU-1102#S_FE#5,FU-1102,S_FE,Ripple,2026-08-11T04:09:57Z,2026-08-13T19:11:28Z,2026-08-14T08:43:41Z,13.54,66.0
FU-1102#S_FE#6,FU-1102,S_FE,Ripple,2026-08-11T10:09:57Z,2026-08-14T08:43:41Z,2026-08-13T21:23:01Z,-11.34,60.0
FU-1102#S_FE#7,FU-1102,S_FE,Ripple,2026-08-11T16:09:57Z,2026-08-13T21:23:01Z,2026-08-14T03:28:19Z,6.09,54.0
FU-1102#S_FE#8,FU-1102,S_FE,Ripple,2026-08-11T22:09:57Z,2026-08-14T03:28:19Z,2026-08-13T18:15:30Z,-9.21,48.0
FU-1102#S_FE#9,FU-1102,S_FE,Ripple,2026-08-12T04:09:57Z,2026-08-13T18:15:30Z,2026-08-13T22:20:26Z,4.08,42.0
FU-1102#S_FE#10,FU-1102,S_FE,Ripple,2026-08-12T10:09:57Z,2026-08-13T22:20:26Z,2026-08-13T22:40:13Z,0.33,36.0
FU-1102#S_FE#11,FU-1102,S_FE,Ripple,2026-08-12T16:09:57Z,2026-08-13T22:40:13Z,2026-08-13T22:39:15Z,-0.02,30.0
FU-1102#S_FE#12,FU-1102,S_FE,Ripple,2026-08-12T22:09:57Z,2026-08-13T22:39:15Z,2026-08-13T20:30:00Z,-2.15,24.0
FU-1102#S_FE#13,FU-1102,S_FE,Ripple,2026-08-13T04:09:57Z,2026-08-13T20:30:00Z,2026-08-13T21:14:20Z,0.74,18.0
FU-1102#S_FE#14,FU-1102,S_FE,Ripple,2026-08-13T10:09:57Z,2026-08-13T21:14:20Z,2026-08-13T22:01:03Z,0.78,12.0
FU-1102#S_ML#0,FU-1102,S_ML,Ripple,2026-07-30T22:09:57Z,2026-08-14T13:26:54Z,2026-08-14T08:19:35Z,-5.12,336.0
FU-1102#S_ML#1,FU-1102,S_ML,Ripple,2026-08-01T10:09:57Z,2026-08-14T08:19:35Z,2026-08-14T00:56:03Z,-7.39,300.0
FU-1102#S_ML#2,FU-1102,S_ML,Ripple,2026-08-02T22:09:57Z,2026-08-14T00:56:03Z,2026-08-13T16:46:10Z,-8.16,264.0
FU-1102#S_ML#3,FU-1102,S_ML,Ripple,2026-08-04T10:09:57Z,2026-08-13T16:46:10Z,2026-08-13T19:57:08Z,3.18,228.0
FU-1102#S_ML#4,FU-1102,S_ML,Ripple,2026-08-05T22:09:57Z,2026-08-13T19:57:08Z,2026-08-13T19:40:08Z,-0.28,192.0
FU-1102#S_ML#5,FU-1102,S_ML,Ripple,2026-08-07T10:09:57Z,2026-08-13T19:40:08Z,2026-08-13T23:32:26Z,3.87,156.0
FU-1102#S_ML#6,FU-1102,S_ML,Ripple,2026-08-08T22:09:57Z,2026-08-13T23:32:26Z,2026-08-13T22:42:35Z,-0.83,120.0
FU-1102#S_ML#7,FU-1102,S_ML,Ripple,2026-08-10T10:09:57Z,2026-08-13T22:42:35Z,2026-08-13T21:31:40Z,-1.18,84.0
FU-1102#S_ML#8,FU-1102,S_ML,Ripple,2026-08-11T22:09:57Z,2026-08-13T21:31:40Z,2026-08-13T22:26:22Z,0.91,48.0
FU-1102#S_ML#9,FU-1102,S_ML,Ripple,2026-08-13T10:09:57Z,2026-08-13T22:26:22Z,2026-08-13T22:32:38Z,0.1,12.0
FU-1102#S_TE#0,FU-1102,S_TE,Ripple,2026-08-11T22:09:57Z,2026-08-14T01:18:56Z,2026-08-13T20:00:23Z,-5.31,48.0
FU-1102#S_TE#1,FU-1102,S_TE,Ripple,2026-08-12T01:09:57Z,2026-08-13T20:00:23Z,2026-08-13T22:46:28Z,2.77,45.0
FU-1102#S_TE#2,FU-1102,S_TE,Ripple,2026-08-12T04:09:57Z,2026-08-13T22:46:28Z,2026-08-13T20:50:26Z,-1.93,42.0
FU-1102#S_TE#3,FU-1102,S_TE,Ripple,2026-08-12T07:09:57Z,2026-08-13T20:50:26Z,2026-08-14T00:19:10Z,3.48,39.0
FU-1102#S_TE#4,FU-1102,S_TE,Ripple,2026-08-12T10:09:57Z,2026-08-14T00:19:10Z,2026-08-13T19:57:16Z,-4.37,36.0
FU-1102#S_TE#5,FU-1102,S_TE,Ripple,2026-08-12T13:09:57Z,2026-08-13T19:57:16Z,2026-08-13T20:53:32Z,0.94,33.0
FU-1102#S_TE#6,FU-1102,S_TE,Ripple,2026-08-12T16:09:57Z,2026-08-13T20:53:32Z,2026-08-13T19:11:09Z,-1.71,30.0
FU-1102#S_TE#7,FU-1102,S_TE,Ripple,2026-08-12T19:09:57Z,2026-08-13T19:11:09Z,2026-08-13T23:27:05Z,4.27,27.0
FU-1102#S_TE#8,FU-1102,S_TE,Ripple,2026-08-12T22:09:57Z,2026-08-13T23:27:05Z,2026-08-13T21:45:05Z,-1.7,24.0
FU-1102#S_TE#9,FU-1102,S_TE,Ripple,2026-08-13T01:09:57Z,2026-08-13T21:45:05Z,2026-08-13T23:03:42Z,1.31,21.0
FU-1102#S_TE#10,FU-1102,S_TE,Ripple,2026-08-13T04:09:57Z,2026-08-13T23:03:42Z,2026-08-13T21:31:53Z,-1.53,18.0
FU-1102#S_TE#11,FU-1102,S_TE,Ripple,2026-08-13T07:09:57Z,2026-08-13T21:31:53Z,2026-08-13T22:05:56Z,0.57,15.0
FU-1102#S_TE#12,FU-1102,S_TE,Ripple,2026-08-13T10:09:57Z,2026-08-13T22:05:56Z,2026-08-13T22:30:04Z,0.4,12.0
FU-1102#S_TE#13,FU-1102,S_TE,Ripple,2026-08-13T13:09:57Z,2026-08-13T22:30:04Z,2026-08-13T22:45:04Z,0.25,9.0
FU-1102#S_TE#14,FU-1102,S_TE,Ripple,2026-08-13T16:09:57Z,2026-08-13T22:45:04Z,2026-08-13T21:54:58Z,-0.83,6.0
FU-1103#S_FE#0,FU-1103,S_FE,Tidepool,2026-08-12T06:15:05Z,2026-08-17T03:15:36Z,2026-08-16T05:07:06Z,-22.14,96.0
FU-1103#S_FE#1,FU-1103,S_FE,Tidepool,2026-08-12T12:15:05Z,2026-08-16T05:07:06Z,2026-08-15T23:08:01Z,-5.98,90.0
FU-1103#S_FE#2,FU-1103,S_FE,Tidepool,2026-08-12T18:15:05Z,2026-08-15T23:08:01Z,2026-08-16T05:33:19Z,6.42,84.0
FU-1103#S_FE#3,FU-1103,S_FE,Tidepool,2026-08-13T00:15:05Z,2026-08-16T05:33:19Z,2026-08-16T08:02:22Z,2.48,78.0
FU-1103#S_FE#4,FU-1103,S_FE,Tidepool,2026-08-13T06:15:05Z,2026-08-16T08:02:22Z,2026-08-16T00:44:58Z,-7.29,72.0
FU-1103#S_FE#5,FU-1103,S_FE,Tidepool,2026-08-13T12:15:05Z,2026-08-16T00:44:58Z,2026-08-16T09:50:07Z,9.09,66.0
FU-1103#S_FE#6,FU-1103,S_FE,Tidepool,2026-08-13T18:15:05Z,2026-08-16T09:50:07Z,2026-08-16T11:50:28Z,2.01,60.0
FU-1103#S_FE#7,FU-1103,S_FE,Tidepool,2026-08-14T00:15:05Z,2026-08-16T11:50:28Z,2026-08-16T04:48:19Z,-7.04,54.0
FU-1103#S_FE#8,FU-1103,S_FE,Tidepool,2026-08-14T06:15:05Z,2026-08-16T04:48:19Z,2026-08-16T02:59:02Z,-1.82,48.0
FU-1103#S_FE#9,FU-1103,S_FE,Tidepool,2026-08-14T12:15:05Z,2026-08-16T02:59:02Z,2026-08-16T08:40:39Z,5.69,42.0
FU-1103#S_FE#10,FU-1103,S_FE,Tidepool,2026-08-14T18:15:05Z,2026-08-16T08:40:39Z,2026-08-16T07:58:45Z,-0.7,36.0
FU-1103#S_FE#11,FU-1103,S_FE,Tidepool,2026-08-15T00:15:05Z,2026-08-16T07:58:45Z,2026-08-16T05:12:33Z,-2.77,30.0
FU-1103#S_FE#12,FU-1103,S_FE,Tidepool,2026-08-15T06:15:05Z,2026-08-16T05:12:33Z,2026-08-16T04:54:45Z,-0.3,24.0
FU-1103#S_FE#13,FU-1103,S_FE,Tidepool,2026-08-15T12:15:05Z,2026-08-16T04:54:45Z,2026-08-16T04:46:16Z,-0.14,18.0
FU-1103#S_FE#14,FU-1103,S_FE,Tidepool,2026-08-15T18:15:05Z,2026-08-16T04:46:16Z,2026-08-16T05:24:40Z,0.64,12.0
FU-1103#S_ML#0,FU-1103,S_ML,Tidepool,2026-08-02T06:15:05Z,2026-08-16T12:32:07Z,2026-08-16T06:05:11Z,-6.45,336.0
FU-1103#S_ML#1,FU-1103,S_ML,Tidepool,2026-08-03T18:15:05Z,2026-08-16T06:05:11Z,2026-08-17T01:05:35Z,19.01,300.0
FU-1103#S_ML#2,FU-1103,S_ML,Tidepool,2026-08-05T06:15:05Z,2026-08-17T01:05:35Z,2026-08-16T07:12:16Z,-17.89,264.0
FU-1103#S_ML#3,FU-1103,S_ML,Tidepool,2026-08-06T18:15:05Z,2026-08-16T07:12:16Z,2026-08-16T09:24:43Z,2.21,228.0
FU-1103#S_ML#4,FU-1103,S_ML,Tidepool,2026-08-08T06:15:05Z,2026-08-16T09:24:43Z,2026-08-16T06:41:55Z,-2.71,192.0
FU-1103#S_ML#5,FU-1103,S_ML,Tidepool,2026-08-09T18:15:05Z,2026-08-16T06:41:55Z,2026-08-16T06:13:19Z,-0.48,156.0
FU-1103#S_ML#6,FU-1103,S_ML,Tidepool,2026-08-11T06:15:05Z,2026-08-16T06:13:19Z,2026-08-16T08:27:17Z,2.23,120.0
FU-1103#S_ML#7,FU-1103,S_ML,Tidepool,2026-08-12T18:15:05Z,2026-08-16T08:27:17Z,2026-08-16T02:37:31Z,-5.83,84.0
FU-1103#S_ML#8,FU-1103,S_ML,Tidepool,2026-08-14T06:15:05Z,2026-08-16T02:37:31Z,2026-08-16T05:14:43Z,2.62,48.0
FU-1103#S_ML#9,FU-1103,S_ML,Tidepool,2026-08-15T18:15:05Z,2026-08-16T05:14:43Z,2026-08-16T05:52:19Z,0.63,12.0
FU-1103#S_TE#0,FU-1103,S_TE,Tidepool,2026-08-14T06:15:05Z,2026-08-15T16:22:24Z,2026-08-16T03:02:00Z,10.66,48.0
FU-1103#S_TE#1,FU-1103,S_TE,Tidepool,2026-08-14T09:15:05Z,2026-08-16T03:02:00Z,2026-08-16T05:37:56Z,2.6,45.0
FU-1103#S_TE#2,FU-1103,S_TE,Tidepool,2026-08-14T12:15:05Z,2026-08-16T05:37:56Z,2026-08-16T06:44:48Z,1.11,42.0
FU-1103#S_TE#3,FU-1103,S_TE,Tidepool,2026-08-14T15:15:05Z,2026-08-16T06:44:48Z,2026-08-16T06:08:36Z,-0.6,39.0
FU-1103#S_TE#4,FU-1103,S_TE,Tidepool,2026-08-14T18:15:05Z,2026-08-16T06:08:36Z,2026-08-16T05:05:04Z,-1.06,36.0
FU-1103#S_TE#5,FU-1103,S_TE,Tidepool,2026-08-14T21:15:05Z,2026-08-16T05:05:04Z,2026-08-16T05:10:30Z,0.09,33.0
FU-1103#S_TE#6,FU-1103,S_TE,Tidepool,2026-08-15T00:15:05Z,2026-08-16T05:10:30Z,2026-08-16T06:09:23Z,0.98,30.0
FU-1103#S_TE#7,FU-1103,S_TE,Tidepool,2026-08-15T03:15:05Z,2026-08-16T06:09:23Z,2026-08-16T06:20:17Z,0.18,27.0
FU-1103#S_TE#8,FU-1103,S_TE,Tidepool,2026-08-15T06:15:05Z,2026-08-16T06:20:17Z,2026-08-16T05:33:53Z,-0.77,24.0
FU-1103#S_TE#9,FU-1103,S_TE,Tidepool,2026-08-15T09:15:05Z,2026-08-16T05:33:53Z,2026-08-16T06:37:46Z,1.06,21.0
FU-1103#S_TE#10,FU-1103,S_TE,Tidepool,2026-08-15T12:15:05Z,2026-08-16T06:37:46Z,2026-08-16T08:10:59Z,1.55,18.0
FU-1103#S_TE#11,FU-1103,S_TE,Tidepool,2026-08-15T15:15:05Z,2026-08-16T08:10:59Z,2026-08-16T06:20:05Z,-1.85,15.0
FU-1103#S_TE#12,FU-1103,S_TE,Tidepool,2026-08-15T18:15:05Z,2026-08-16T06:20:05Z,2026-08-16T06:56:22Z,0.6,12.0
FU-1103#S_TE#13,FU-1103,S_TE,Tidepool,2026-08-15T21:15:05Z,2026-08-16T06:56:22Z,2026-08-16T05:54:41Z,-1.03,9.0
FU-1103#S_TE#14,FU-1103,S_TE,Tidepool,2026-08-16T00:15:05Z,2026-08-16T05:54:41Z,2026-08-16T06:20:18Z,0.43,6.0
FU-1104#S_FE#0,FU-1104,S_FE,Wheeltail,2026-08-07T12:12:07Z,2026-08-10T12:16:49Z,2026-08-11T12:49:21Z,24.54,96.0
FU-1104#S_FE#1,FU-1104,S_FE,Wheeltail,2026-08-07T18:12:07Z,2026-08-11T12:49:21Z,2026-08-11T17:44:33Z,4.92,90.0
FU-1104#S_FE#2,FU-1104,S_FE,Wheeltail,2026-08-08T00:12:07Z,2026-08-11T17:44:33Z,2026-08-11T09:24:34Z,-8.33,84.0
FU-1104#S_FE#3,FU-1104,S_FE,Wheeltail,2026-08-08T06:12:07Z,2026-08-11T09:24:34Z,2026-08-11T20:35:39Z,11.18,78.0
FU-1104#S_FE#4,FU-1104,S_FE,Wheeltail,2026-08-08T12:12:07Z,2026-08-11T20:35:39Z,2026-08-11T17:37:46Z,-2.96,72.0
FU-1104#S_FE#5,FU-1104,S_FE,Wheeltail,2026-08-08T18:12:07Z,2026-08-11T17:37:46Z,2026-08-11T15:19:33Z,-2.3,66.0
FU-1104#S_FE#6,FU-1104,S_FE,Wheeltail,2026-08-09T00:12:07Z,2026-08-11T15:19:33Z,2026-08-11T14:22:30Z,-0.95,60.0
FU-1104#S_FE#7,FU-1104,S_FE,Wheeltail,2026-08-09T06:12:07Z,2026-08-11T14:22:30Z,2026-08-11T13:17:03Z,-1.09,54.0
FU-1104#S_FE#8,FU-1104,S_FE,Wheeltail,2026-08-09T12:12:07Z,2026-08-11T13:17:03Z,2026-08-11T16:23:58Z,3.12,48.0
FU-1104#S_FE#9,FU-1104,S_FE,Wheeltail,2026-08-09T18:12:07Z,2026-08-11T16:23:58Z,2026-08-11T10:43:50Z,-5.67,42.0
FU-1104#S_FE#10,FU-1104,S_FE,Wheeltail,2026-08-10T00:12:07Z,2026-08-11T10:43:50Z,2026-08-11T11:32:54Z,0.82,36.0
FU-1104#S_FE#11,FU-1104,S_FE,Wheeltail,2026-08-10T06:12:07Z,2026-08-11T11:32:54Z,2026-08-11T11:41:01Z,0.14,30.0
FU-1104#S_FE#12,FU-1104,S_FE,Wheeltail,2026-08-10T12:12:07Z,2026-08-11T11:41:01Z,2026-08-11T11:31:15Z,-0.16,24.0
FU-1104#S_FE#13,FU-1104,S_FE,Wheeltail,2026-08-10T18:12:07Z,2026-08-11T11:31:15Z,2026-08-11T10:40:33Z,-0.84,18.0
FU-1104#S_FE#14,FU-1104,S_FE,Wheeltail,2026-08-11T00:12:07Z,2026-08-11T10:40:33Z,2026-08-11T12:31:00Z,1.84,12.0
FU-1104#S_ML#0,FU-1104,S_ML,Wheeltail,2026-07-28T12:12:07Z,2026-08-10T17:01:21Z,2026-08-11T19:42:51Z,26.69,336.0
FU-1104#S_ML#1,FU-1104,S_ML,Wheeltail,2026-07-30T00:12:07Z,2026-08-11T19:42:51Z,2026-08-11T13:42:01Z,-6.01,300.0
FU-1104#S_ML#2,FU-1104,S_ML,Wheeltail,2026-07-31T12:12:07Z,2026-08-11T13:42:01Z,2026-08-11T04:13:47Z,-9.47,264.0
FU-1104#S_ML#3,FU-1104,S_ML,Wheeltail,2026-08-02T00:12:07Z,2026-08-11T04:13:47Z,2026-08-11T17:25:56Z,13.2,228.0
FU-1104#S_ML#4,FU-1104,S_ML,Wheeltail,2026-08-03T12:12:07Z,2026-08-11T17:25:56Z,2026-08-11T06:23:41Z,-11.04,192.0
FU-1104#S_ML#5,FU-1104,S_ML,Wheeltail,2026-08-05T00:12:07Z,2026-08-11T06:23:41Z,2026-08-11T12:13:46Z,5.83,156.0
FU-1104#S_ML#6,FU-1104,S_ML,Wheeltail,2026-08-06T12:12:07Z,2026-08-11T12:13:46Z,2026-08-11T14:05:31Z,1.86,120.0
FU-1104#S_ML#7,FU-1104,S_ML,Wheeltail,2026-08-08T00:12:07Z,2026-08-11T14:05:31Z,2026-08-11T12:16:19Z,-1.82,84.0
FU-1104#S_ML#8,FU-1104,S_ML,Wheeltail,2026-08-09T12:12:07Z,2026-08-11T12:16:19Z,2026-08-11T13:15:59Z,0.99,48.0
FU-1104#S_ML#9,FU-1104,S_ML,Wheeltail,2026-08-11T00:12:07Z,2026-08-11T13:15:59Z,2026-08-11T12:12:01Z,-1.07,12.0
FU-1104#S_TE#0,FU-1104,S_TE,Wheeltail,2026-08-09T12:12:07Z,2026-08-12T06:41:13Z,2026-08-11T11:47:41Z,-18.89,48.0
FU-1104#S_TE#1,FU-1104,S_TE,Wheeltail,2026-08-09T15:12:07Z,2026-08-11T11:47:41Z,2026-08-11T12:19:42Z,0.53,45.0
FU-1104#S_TE#2,FU-1104,S_TE,Wheeltail,2026-08-09T18:12:07Z,2026-08-11T12:19:42Z,2026-08-11T11:54:56Z,-0.41,42.0
FU-1104#S_TE#3,FU-1104,S_TE,Wheeltail,2026-08-09T21:12:07Z,2026-08-11T11:54:56Z,2026-08-11T12:14:57Z,0.33,39.0
FU-1104#S_TE#4,FU-1104,S_TE,Wheeltail,2026-08-10T00:12:07Z,2026-08-11T12:14:57Z,2026-08-11T09:34:25Z,-2.68,36.0
FU-1104#S_TE#5,FU-1104,S_TE,Wheeltail,2026-08-10T03:12:07Z,2026-08-11T09:34:25Z,2026-08-11T12:26:59Z,2.88,33.0
FU-1104#S_TE#6,FU-1104,S_TE,Wheeltail,2026-08-10T06:12:07Z,2026-08-11T12:26:59Z,2026-08-11T10:56:52Z,-1.5,30.0
FU-1104#S_TE#7,FU-1104,S_TE,Wheeltail,2026-08-10T09:12:07Z,2026-08-11T10:56:52Z,2026-08-11T13:48:43Z,2.86,27.0
FU-1104#S_TE#8,FU-1104,S_TE,Wheeltail,2026-08-10T12:12:07Z,2026-08-11T13:48:43Z,2026-08-11T10:57:06Z,-2.86,24.0
FU-1104#S_TE#9,FU-1104,S_TE,Wheeltail,2026-08-10T15:12:07Z,2026-08-11T10:57:06Z,2026-08-11T12:08:21Z,1.19,21.0
FU-1104#S_TE#10,FU-1104,S_TE,Wheeltail,2026-08-10T18:12:07Z,2026-08-11T12:08:21Z,2026-08-11T12:53:29Z,0.75,18.0
FU-1104#S_TE#11,FU-1104,S_TE,Wheeltail,2026-08-10T21:12:07Z,2026-08-11T12:53:29Z,2026-08-11T12:23:20Z,-0.5,15.0
FU-1104#S_TE#12,FU-1104,S_TE,Wheeltail,2026-08-11T00:12:07Z,2026-08-11T12:23:20Z,2026-08-11T12:32:06Z,0.15,12.0
FU-1104#S_TE#13,FU-1104,S_TE,Wheeltail,2026-08-11T03:12:07Z,2026-08-11T12:32:06Z,2026-08-11T11:43:19Z,-0.81,9.0
FU-1104#S_TE#14,FU-1104,S_TE,Wheeltail,2026-08-11T06:12:07Z,2026-08-11T11:43:19Z,2026-08-11T12:45:01Z,1.03,6.0
FX118E#S_FE#0,FX118E,S_FE,Eastern Amethyst,2026-08-12T20:45:00Z,2026-08-16T07:40:01Z,2026-08-16T06:58:23Z,-0.69,96.0
FX118E#S_FE#1,FX118E,S_FE,Eastern Amethyst,2026-08-13T02:45:00Z,2026-08-16T06:58:23Z,2026-08-16T20:41:19Z,13.72,90.0
FX118E#S_FE#2,FX118E,S_FE,Eastern Amethyst,2026-08-13T08:45:00Z,2026-08-16T20:41:19Z,2026-08-16T15:51:25Z,-4.83,84.0
FX118E#S_FE#3,FX118E,S_FE,Eastern Amethyst,2026-08-13T14:45:00Z,2026-08-16T15:51:25Z,2026-08-16T13:41:01Z,-2.17,78.0
FX118E#S_FE#4,FX118E,S_FE,Eastern Amethyst,2026-08-13T20:45:00Z,2026-08-16T13:41:01Z,2026-08-16T17:18:53Z,3.63,72.0
FX118E#S_FE#5,FX118E,S_FE,Eastern Amethyst,2026-08-14T02:45:00Z,2026-08-16T17:18:53Z,2026-08-16T22:17:06Z,4.97,66.0
FX118E#S_FE#6,FX118E,S_FE,Eastern Amethyst,2026-08-14T08:45:00Z,2026-08-16T22:17:06Z,2026-08-16T14:32:59Z,-7.74,60.0
FX118E#S_FE#7,FX118E,S_FE,Eastern Amethyst,2026-08-14T14:45:00Z,2026-08-16T14:32:59Z,2026-08-16T22:14:14Z,7.69,54.0
FX118E#S_FE#8,FX118E,S_FE,Eastern Amethyst,2026-08-14T20:45:00Z,2026-08-16T22:14:14Z,2026-08-16T17:36:45Z,-4.62,48.0
FX118E#S_FE#9,FX118E,S_FE,Eastern Amethyst,2026-08-15T02:45:00Z,2026-08-16T17:36:45Z,2026-08-16T20:17:23Z,2.68,42.0
FX118E#S_FE#10,FX118E,S_FE,Eastern Amethyst,2026-08-15T08:45:00Z,2026-08-16T20:17:23Z,2026-08-16T17:52:27Z,-2.42,36.0
FX118E#S_FE#11,FX118E,S_FE,Eastern Amethyst,2026-08-15T14:45:00Z,2026-08-16T17:52:27Z,2026-08-16T21:51:58Z,3.99,30.0
FX118E#S_FE#12,FX118E,S_FE,Eastern Amethyst,2026-08-15T20:45:00Z,2026-08-16T21:51:58Z,2026-08-16T18:21:57Z,-3.5,24.0
FX118E#S_FE#13,FX118E,S_FE,Eastern Amethyst,2026-08-16T02:45:00Z,2026-08-16T18:21:57Z,2026-08-16T20:53:18Z,2.52,18.0
FX118E#S_FE#14,FX118E,S_FE,Eastern Amethyst,2026-08-16T08:45:00Z,2026-08-16T20:53:18Z,2026-08-16T21:47:50Z,0.91,12.0
FX118E#S_ML#0,FX118E,S_ML,Eastern Amethyst,2026-08-02T20:45:00Z,2026-08-17T13:22:46Z,2026-08-16T12:01:47Z,-25.35,336.0
FX118E#S_ML#1,FX118E,S_ML,Eastern Amethyst,2026-08-04T08:45:00Z,2026-08-16T12:01:47Z,2026-08-16T20:14:59Z,8.22,300.0
FX118E#S_ML#2,FX118E,S_ML,Eastern Amethyst,2026-08-05T20:45:00Z,2026-08-16T20:14:59Z,2026-08-16T21:15:06Z,1.0,264.0
FX118E#S_ML#3,FX118E,S_ML,Eastern Amethyst,2026-08-07T08:45:00Z,2026-08-16T21:15:06Z,2026-08-16T13:24:53Z,-7.84,228.0
FX118E#S_ML#4,FX118E,S_ML,Eastern Amethyst,2026-08-08T20:45:00Z,2026-08-16T13:24:53Z,2026-08-16T22:13:54Z,8.82,192.0
FX118E#S_ML#5,FX118E,S_ML,Eastern Amethyst,2026-08-10T08:45:00Z,2026-08-16T22:13:54Z,2026-08-16T13:55:39Z,-8.3,156.0
FX118E#S_ML#6,FX118E,S_ML,Eastern Amethyst,2026-08-11T20:45:00Z,2026-08-16T13:55:39Z,2026-08-17T00:02:06Z,10.11,120.0
FX118E#S_ML#7,FX118E,S_ML,Eastern Amethyst,2026-08-13T08:45:00Z,2026-08-17T00:02:06Z,2026-08-16T21:29:13Z,-2.55,84.0
FX118E#S_ML#8,FX118E,S_ML,Eastern Amethyst,2026-08-14T20:45:00Z,2026-08-16T21:29:13Z,2026-08-16T19:37:03Z,-1.87,48.0
FX118E#S_ML#9,FX118E,S_ML,Eastern Amethyst,2026-08-16T08:45:00Z,2026-08-16T19:37:03Z,2026-08-16T20:44:44Z,1.13,12.0
FX118E#S_TE#0,FX118E,S_TE,Eastern Amethyst,2026-08-14T20:45:00Z,2026-08-16T18:15:39Z,2026-08-16T19:48:10Z,1.54,48.0
FX118E#S_TE#1,FX118E,S_TE,Eastern Amethyst,2026-08-14T23:45:00Z,2026-08-16T19:48:10Z,2026-08-16T16:12:23Z,-3.6,45.0
FX118E#S_TE#2,FX118E,S_TE,Eastern Amethyst,2026-08-15T02:45:00Z,2026-08-16T16:12:23Z,2026-08-16T19:22:35Z,3.17,42.0
FX118E#S_TE#3,FX118E,S_TE,Eastern Amethyst,2026-08-15T05:45:00Z,2026-08-16T19:22:35Z,2026-08-16T17:57:06Z,-1.42,39.0
FX118E#S_TE#4,FX118E,S_TE,Eastern Amethyst,2026-08-15T08:45:00Z,2026-08-16T17:57:06Z,2026-08-16T17:59:04Z,0.03,36.0
FX118E#S_TE#5,FX118E,S_TE,Eastern Amethyst,2026-08-15T11:45:00Z,2026-08-16T17:59:04Z,2026-08-16T20:35:28Z,2.61,33.0
FX118E#S_TE#6,FX118E,S_TE,Eastern Amethyst,2026-08-15T14:45:00Z,2026-08-16T20:35:28Z,2026-08-16T18:17:06Z,-2.31,30.0
FX118E#S_TE#7,FX118E,S_TE,Eastern Amethyst,2026-08-15T17:45:00Z,2026-08-16T18:17:06Z,2026-08-16T20:18:43Z,2.03,27.0
FX118E#S_TE#8,FX118E,S_TE,Eastern Amethyst,2026-08-15T20:45:00Z,2026-08-16T20:18:43Z,2026-08-16T23:16:39Z,2.97,24.0
FX118E#S_TE#9,FX118E,S_TE,Eastern Amethyst,2026-08-15T23:45:00Z,2026-08-16T23:16:39Z,2026-08-16T20:20:16Z,-2.94,21.0
FX118E#S_TE#10,FX118E,S_TE,Eastern Amethyst,2026-08-16T02:45:00Z,2026-08-16T20:20:16Z,2026-08-16T19:50:48Z,-0.49,18.0
FX118E#S_TE#11,FX118E,S_TE,Eastern Amethyst,2026-08-16T05:45:00Z,2026-08-16T19:50:48Z,2026-08-16T19:49:49Z,-0.02,15.0
FX118E#S_TE#12,FX118E,S_TE,Eastern Amethyst,2026-08-16T08:45:00Z,2026-08-16T19:49:49Z,2026-08-16T20:02:19Z,0.21,12.0
FX118E#S_TE#13,FX118E,S_TE,Eastern Amethyst,2026-08-16T11:45:00Z,2026-08-16T20:02:19Z,2026-08-16T20:49:40Z,0.79,9.0
FX118E#S_TE#14,FX118E,S_TE,Eastern Amethyst,2026-08-16T14:45:00Z,2026-08-16T20:49:40Z,2026-08-16T20:57:29Z,0.13,6.0
FX119W#S_FE#0,FX119W,S_FE,Pearl Runner,2026-08-09T22:30:00Z,2026-08-11T15:24:37Z,2026-08-13T22:03:09Z,54.64,96.0
FX119W#S_FE#1,FX119W,S_FE,Pearl Runner,2026-08-10T04:30:00Z,2026-08-13T22:03:09Z,2026-08-13T23:21:26Z,1.3,90.0
FX119W#S_FE#2,FX119W,S_FE,Pearl Runner,2026-08-10T10:30:00Z,2026-08-13T23:21:26Z,2026-08-14T00:52:50Z,1.52,84.0
FX119W#S_FE#3,FX119W,S_FE,Pearl Runner,2026-08-10T16:30:00Z,2026-08-14T00:52:50Z,2026-08-13T15:06:01Z,-9.78,78.0
FX119W#S_FE#4,FX119W,S_FE,Pearl Runner,2026-08-10T22:30:00Z,2026-08-13T15:06:01Z,2026-08-13T16:13:40Z,1.13,72.0
FX119W#S_FE#5,FX119W,S_FE,Pearl Runner,2026-08-11T04:30:00Z,2026-08-13T16:13:40Z,2026-08-13T16:05:28Z,-0.14,66.0
FX119W#S_FE#6,FX119W,S_FE,Pearl Runner,2026-08-11T10:30:00Z,2026-08-13T16:05:28Z,2026-08-13T21:35:05Z,5.49,60.0
FX119W#S_FE#7,FX119W,S_FE,Pearl Runner,2026-08-11T16:30:00Z,2026-08-13T21:35:05Z,2026-08-13T21:44:12Z,0.15,54.0
FX119W#S_FE#8,FX119W,S_FE,Pearl Runner,2026-08-11T22:30:00Z,2026-08-13T21:44:12Z,2026-08-13T20:22:20Z,-1.36,48.0
FX119W#S_FE#9,FX119W,S_FE,Pearl Runner,2026-08-12T04:30:00Z,2026-08-13T20:22:20Z,2026-08-14T01:29:25Z,5.12,42.0
FX119W#S_FE#10,FX119W,S_FE,Pearl Runner,2026-08-12T10:30:00Z,2026-08-14T01:29:25Z,2026-08-13T21:37:37Z,-3.86,36.0
FX119W#S_FE#11,FX119W,S_FE,Pearl Runner,2026-08-12T16:30:00Z,2026-08-13T21:37:37Z,2026-08-13T22:52:07Z,1.24,30.0
FX119W#S_FE#12,FX119W,S_FE,Pearl Runner,2026-08-12T22:30:00Z,2026-08-13T22:52:07Z,2026-08-14T00:20:52Z,1.48,24.0
FX119W#S_FE#13,FX119W,S_FE,Pearl Runner,2026-08-13T04:30:00Z,2026-08-14T00:20:52Z,2026-08-13T22:38:01Z,-1.71,18.0
FX119W#S_FE#14,FX119W,S_FE,Pearl Runner,2026-08-13T10:30:00Z,2026-08-13T22:38:01Z,2026-08-13T23:09:44Z,0.53,12.0
FX119W#S_ML#0,FX119W,S_ML,Pearl Runner,2026-07-30T22:30:00Z,2026-08-11T14:58:23Z,2026-08-13T17:06:45Z,50.14,336.0
FX119W#S_ML#1,FX119W,S_ML,Pearl Runner,2026-08-01T10:30:00Z,2026-08-13T17:06:45Z,2026-08-14T08:31:59Z,15.42,300.0
FX119W#S_ML#2,FX119W,S_ML,Pearl Runner,2026-08-02T22:30:00Z,2026-08-14T08:31:59Z,2026-08-14T08:11:46Z,-0.34,264.0
FX119W#S_ML#3,FX119W,S_ML,Pearl Runner,2026-08-04T10:30:00Z,2026-08-14T08:11:46Z,2026-08-14T04:50:32Z,-3.35,228.0
FX119W#S_ML#4,FX119W,S_ML,Pearl Runner,2026-08-05T22:30:00Z,2026-08-14T04:50:32Z,2026-08-13T23:19:55Z,-5.51,192.0
FX119W#S_ML#5,FX119W,S_ML,Pearl Runner,2026-08-07T10:30:00Z,2026-08-13T23:19:55Z,2026-08-13T20:31:45Z,-2.8,156.0
FX119W#S_ML#6,FX119W,S_ML,Pearl Runner,2026-08-08T22:30:00Z,2026-08-13T20:31:45Z,2026-08-13T18:10:41Z,-2.35,120.0
FX119W#S_ML#7,FX119W,S_ML,Pearl Runner,2026-08-10T10:30:00Z,2026-08-13T18:10:41Z,2026-08-13T20:19:07Z,2.14,84.0
FX119W#S_ML#8,FX119W,S_ML,Pearl Runner,2026-08-11T22:30:00Z,2026-08-13T20:19:07Z,2026-08-13T22:59:59Z,2.68,48.0
FX119W#S_ML#9,FX119W,S_ML,Pearl Runner,2026-08-13T10:30:00Z,2026-08-13T22:59:59Z,2026-08-13T22:36:19Z,-0.39,12.0
FX119W#S_TE#0,FX119W,S_TE,Pearl Runner,2026-08-11T22:30:00Z,2026-08-12T02:05:04Z,2026-08-13T23:07:51Z,45.05,48.0
FX119W#S_TE#1,FX119W,S_TE,Pearl Runner,2026-08-12T01:30:00Z,2026-08-13T23:07:51Z,2026-08-13T22:27:54Z,-0.67,45.0
FX119W#S_TE#2,FX119W,S_TE,Pearl Runner,2026-08-12T04:30:00Z,2026-08-13T22:27:54Z,2026-08-13T21:07:06Z,-1.35,42.0
FX119W#S_TE#3,FX119W,S_TE,Pearl Runner,2026-08-12T07:30:00Z,2026-08-13T21:07:06Z,2026-08-13T22:07:42Z,1.01,39.0
FX119W#S_TE#4,FX119W,S_TE,Pearl Runner,2026-08-12T10:30:00Z,2026-08-13T22:07:42Z,2026-08-13T21:26:58Z,-0.68,36.0
FX119W#S_TE#5,FX119W,S_TE,Pearl Runner,2026-08-12T13:30:00Z,2026-08-13T21:26:58Z,2026-08-13T22:49:13Z,1.37,33.0
FX119W#S_TE#6,FX119W,S_TE,Pearl Runner,2026-08-12T16:30:00Z,2026-08-13T22:49:13Z,2026-08-13T21:40:55Z,-1.14,30.0
FX119W#S_TE#7,FX119W,S_TE,Pearl Runner,2026-08-12T19:30:00Z,2026-08-13T21:40:55Z,2026-08-13T23:09:31Z,1.48,27.0
FX119W#S_TE#8,FX119W,S_TE,Pearl Runner,2026-08-12T22:30:00Z,2026-08-13T23:09:31Z,2026-08-13T23:23:21Z,0.23,24.0
FX119W#S_TE#9,FX119W,S_TE,Pearl Runner,2026-08-13T01:30:00Z,2026-08-13T23:23:21Z,2026-08-13T21:55:47Z,-1.46,21.0
FX119W#S_TE#10,FX119W,S_TE,Pearl Runner,2026-08-13T04:30:00Z,2026-08-13T21:55:47Z,2026-08-13T20:59:32Z,-0.94,18.0
FX119W#S_TE#11,FX119W,S_TE,Pearl Runner,2026-08-13T07:30:00Z,2026-08-13T20:59:32Z,2026-08-13T22:31:32Z,1.53,15.0
FX119W#S_TE#12,FX119W,S_TE,Pearl Runner,2026-08-13T10:30:00Z,2026-08-13T22:31:32Z,2026-08-13T22:49:35Z,0.3,12.0
FX119W#S_TE#13,FX119W,S_TE,Pearl Runner,2026-08-13T13:30:00Z,2026-08-13T22:49:35Z,2026-08-13T22:17:44Z,-0.53,9.0
FX119W#S_TE#14,FX119W,S_TE,Pearl Runner,2026-08-13T16:30:00Z,2026-08-13T22:17:44Z,2026-08-13T22:28:56Z,0.19,6.0
ML420W#S_FE#0,ML420W,S_FE,Pacific Vanguard,2026-08-10T10:15:00Z,2026-08-13T22:51:42Z,2026-08-14T13:30:06Z,14.64,96.0
ML420W#S_FE#1,ML420W,S_FE,Pacific Vanguard,2026-08-10T16:15:00Z,2026-08-14T13:30:06Z,2026-08-14T16:10:45Z,2.68,90.0
ML420W#S_FE#2,ML420W,S_FE,Pacific Vanguard,2026-08-10T22:15:00Z,2026-08-14T16:10:45Z,2026-08-14T12:08:22Z,-4.04,84.0
ML420W#S_FE#3,ML420W,S_FE,Pacific Vanguard,2026-08-11T04:15:00Z,2026-08-14T12:08:22Z,2026-08-14T10:49:42Z,-1.31,78.0
ML420W#S_FE#4,ML420W,S_FE,Pacific Vanguard,2026-08-11T10:15:00Z,2026-08-14T10:49:42Z,2026-08-14T12:51:45Z,2.03,72.0
ML420W#S_FE#5,ML420W,S_FE,Pacific Vanguard,2026-08-11T16:15:00Z,2026-08-14T12:51:45Z,2026-08-14T10:17:30Z,-2.57,66.0
ML420W#S_FE#6,ML420W,S_FE,Pacific Vanguard,2026-08-11T22:15:00Z,2026-08-14T10:17:30Z,2026-08-14T09:55:22Z,-0.37,60.0
ML420W#S_FE#7,ML420W,S_FE,Pacific Vanguard,2026-08-12T04:15:00Z,2026-08-14T09:55:22Z,2026-08-14T08:34:09Z,-1.35,54.0
ML420W#S_FE#8,ML420W,S_FE,Pacific Vanguard,2026-08-12T10:15:00Z,2026-08-14T08:34:09Z,2026-08-14T06:12:02Z,-2.37,48.0
ML420W#S_FE#9,ML420W,S_FE,Pacific Vanguard,2026-08-12T16:15:00Z,2026-08-14T06:12:02Z,2026-08-14T08:32:29Z,2.34,42.0
ML420W#S_FE#10,ML420W,S_FE,Pacific Vanguard,2026-08-12T22:15:00Z,2026-08-14T08:32:29Z,2026-08-14T10:20:30Z,1.8,36.0
ML420W#S_FE#11,ML420W,S_FE,Pacific Vanguard,2026-08-13T04:15:00Z,2026-08-14T10:20:30Z,2026-08-14T11:23:26Z,1.05,30.0
ML420W#S_FE#12,ML420W,S_FE,Pacific Vanguard,2026-08-13T10:15:00Z,2026-08-14T11:23:26Z,2026-08-14T12:32:14Z,1.15,24.0
ML420W#S_FE#13,ML420W,S_FE,Pacific Vanguard,2026-08-13T16:15:00Z,2026-08-14T12:32:14Z,2026-08-14T08:58:48Z,-3.56,18.0
ML420W#S_FE#14,ML420W,S_FE,Pacific Vanguard,2026-08-13T22:15:00Z,2026-08-14T08:58:48Z,2026-08-14T10:51:09Z,1.87,12.0
ML420W#S_ML#0,ML420W,S_ML,Pacific Vanguard,2026-07-31T10:15:00Z,2026-08-13T14:05:05Z,2026-08-14T16:43:55Z,26.65,336.0
ML420W#S_ML#1,ML420W,S_ML,Pacific Vanguard,2026-08-01T22:15:00Z,2026-08-14T16:43:55Z,2026-08-14T00:18:50Z,-16.42,300.0
ML420W#S_ML#2,ML420W,S_ML,Pacific Vanguard,2026-08-03T10:15:00Z,2026-08-14T00:18:50Z,2026-08-14T05:37:21Z,5.31,264.0
ML420W#S_ML#3,ML420W,S_ML,Pacific Vanguard,2026-08-04T22:15:00Z,2026-08-14T05:37:21Z,2026-08-14T04:13:21Z,-1.4,228.0
ML420W#S_ML#4,ML420W,S_ML,Pacific Vanguard,2026-08-06T10:15:00Z,2026-08-14T04:13:21Z,2026-08-14T02:45:43Z,-1.46,192.0
ML420W#S_ML#5,ML420W,S_ML,Pacific Vanguard,2026-08-07T22:15:00Z,2026-08-14T02:45:43Z,2026-08-14T16:02:30Z,13.28,156.0
ML420W#S_ML#6,ML420W,S_ML,Pacific Vanguard,2026-08-09T10:15:00Z,2026-08-14T16:02:30Z,2026-08-14T05:06:29Z,-10.93,120.0
ML420W#S_ML#7,ML420W,S_ML,Pacific Vanguard,2026-08-10T22:15:00Z,2026-08-14T05:06:29Z,2026-08-14T04:49:00Z,-0.29,84.0
ML420W#S_ML#8,ML420W,S_ML,Pacific Vanguard,2026-08-12T10:15:00Z,2026-08-14T04:49:00Z,2026-08-14T10:33:42Z,5.74,48.0
ML420W#S_ML#9,ML420W,S_ML,Pacific Vanguard,2026-08-13T22:15:00Z,2026-08-14T10:33:42Z,2026-08-14T10:10:58Z,-0.38,12.0
ML420W#S_TE#0,ML420W,S_TE,Pacific Vanguard,2026-08-12T10:15:00Z,2026-08-14T03:23:15Z,2026-08-14T07:13:02Z,3.83,48.0
ML420W#S_TE#1,ML420W,S_TE,Pacific Vanguard,2026-08-12T13:15:00Z,2026-08-14T07:13:02Z,2026-08-14T10:29:44Z,3.28,45.0
ML420W#S_TE#2,ML420W,S_TE,Pacific Vanguard,2026-08-12T16:15:00Z,2026-08-14T10:29:44Z,2026-08-14T10:28:36Z,-0.02,42.0
ML420W#S_TE#3,ML420W,S_TE,Pacific Vanguard,2026-08-12T19:15:00Z,2026-08-14T10:28:36Z,2026-08-14T10:23:21Z,-0.09,39.0
ML420W#S_TE#4,ML420W,S_TE,Pacific Vanguard,2026-08-12T22:15:00Z,2026-08-14T10:23:21Z,2026-08-14T10:03:12Z,-0.34,36.0
ML420W#S_TE#5,ML420W,S_TE,Pacific Vanguard,2026-08-13T01:15:00Z,2026-08-14T10:03:12Z,2026-08-14T08:59:58Z,-1.05,33.0
ML420W#S_TE#6,ML420W,S_TE,Pacific Vanguard,2026-08-13T04:15:00Z,2026-08-14T08:59:58Z,2026-08-14T11:59:33Z,2.99,30.0
ML420W#S_TE#7,ML420W,S_TE,Pacific Vanguard,2026-08-13T07:15:00Z,2026-08-14T11:59:33Z,2026-08-14T09:11:25Z,-2.8,27.0
ML420W#S_TE#8,ML420W,S_TE,Pacific Vanguard,2026-08-13T10:15:00Z,2026-08-14T09:11:25Z,2026-08-14T10:28:39Z,1.29,24.0
ML420W#S_TE#9,ML420W,S_TE,Pacific Vanguard,2026-08-13T13:15:00Z,2026-08-14T10:28:39Z,2026-08-14T09:33:44Z,-0.92,21.0
ML420W#S_TE#10,ML420W,S_TE,Pacific Vanguard,2026-08-13T16:15:00Z,2026-08-14T09:33:44Z,2026-08-14T08:35:24Z,-0.97,18.0
ML420W#S_TE#11,ML420W,S_TE,Pacific Vanguard,2026-08-13T19:15:00Z,2026-08-14T08:35:24Z,2026-08-14T10:04:41Z,1.49,15.0
ML420W#S_TE#12,ML420W,S_TE,Pacific Vanguard,2026-08-13T22:15:00Z,2026-08-14T10:04:41Z,2026-08-14T10:03:36Z,-0.02,12.0
ML420W#S_TE#13,ML420W,S_TE,Pacific Vanguard,2026-08-14T01:15:00Z,2026-08-14T10:03:36Z,2026-08-14T10:33:16Z,0.49,9.0
ML420W#S_TE#14,ML420W,S_TE,Pacific Vanguard,2026-08-14T04:15:00Z,2026-08-14T10:33:16Z,2026-08-14T10:11:24Z,-0.36,6.0
ML421E#S_FE#0,ML421E,S_FE,Meridian Star,2026-08-10T10:00:00Z,2026-08-14T06:15:04Z,2026-08-14T14:19:03Z,8.07,96.0
ML421E#S_FE#1,ML421E,S_FE,Meridian Star,2026-08-10T16:00:00Z,2026-08-14T14:19:03Z,2026-08-14T15:39:50Z,1.35,90.0
ML421E#S_FE#2,ML421E,S_FE,Meridian Star,2026-08-10T22:00:00Z,2026-08-14T15:39:50Z,2026-08-14T11:05:30Z,-4.57,84.0
ML421E#S_FE#3,ML421E,S_FE,Meridian Star,2026-08-11T04:00:00Z,2026-08-14T11:05:30Z,2026-08-14T06:30:23Z,-4.59,78.0
ML421E#S_FE#4,ML421E,S_FE,Meridian Star,2026-08-11T10:00:00Z,2026-08-14T06:30:23Z,2026-08-14T11:10:41Z,4.67,72.0
ML421E#S_FE#5,ML421E,S_FE,Meridian Star,2026-08-11T16:00:00Z,2026-08-14T11:10:41Z,2026-08-14T09:37:18Z,-1.56,66.0
ML421E#S_FE#6,ML421E,S_FE,Meridian Star,2026-08-11T22:00:00Z,2026-08-14T09:37:18Z,2026-08-14T05:58:49Z,-3.64,60.0
ML421E#S_FE#7,ML421E,S_FE,Meridian Star,2026-08-12T04:00:00Z,2026-08-14T05:58:49Z,2026-08-14T06:53:01Z,0.9,54.0
ML421E#S_FE#8,ML421E,S_FE,Meridian Star,2026-08-12T10:00:00Z,2026-08-14T06:53:01Z,2026-08-14T09:05:21Z,2.21,48.0
ML421E#S_FE#9,ML421E,S_FE,Meridian Star,2026-08-12T16:00:00Z,2026-08-14T09:05:21Z,2026-08-14T08:13:41Z,-0.86,42.0
ML421E#S_FE#10,ML421E,S_FE,Meridian Star,2026-08-12T22:00:00Z,2026-08-14T08:13:41Z,2026-08-14T09:44:15Z,1.51,36.0
ML421E#S_FE#11,ML421E,S_FE,Meridian Star,2026-08-13T04:00:00Z,2026-08-14T09:44:15Z,2026-08-14T06:46:20Z,-2.97,30.0
ML421E#S_FE#12,ML421E,S_FE,Meridian Star,2026-08-13T10:00:00Z,2026-08-14T06:46:20Z,2026-08-14T09:05:18Z,2.32,24.0
ML421E#S_FE#13,ML421E,S_FE,Meridian Star,2026-08-13T16:00:00Z,2026-08-14T09:05:18Z,2026-08-14T09:26:46Z,0.36,18.0
ML421E#S_FE#14,ML421E,S_FE,Meridian Star,2026-08-13T22:00:00Z,2026-08-14T09:26:46Z,2026-08-14T09:35:06Z,0.14,12.0
ML421E#S_ML#0,ML421E,S_ML,Meridian Star,2026-07-31T10:00:00Z,2026-08-14T23:08:09Z,2026-08-14T01:10:36Z,-21.96,336.0
ML421E#S_ML#1,ML421E,S_ML,Meridian Star,2026-08-01T22:00:00Z,2026-08-14T01:10:36Z,2026-08-14T18:21:38Z,17.18,300.0
ML421E#S_ML#2,ML421E,S_ML,Meridian Star,2026-08-03T10:00:00Z,2026-08-14T18:21:38Z,2026-08-14T06:10:26Z,-12.19,264.0
ML421E#S_ML#3,ML421E,S_ML,Meridian Star,2026-08-04T22:00:00Z,2026-08-14T06:10:26Z,2026-08-14T06:34:24Z,0.4,228.0
ML421E#S_ML#4,ML421E,S_ML,Meridian Star,2026-08-06T10:00:00Z,2026-08-14T06:34:24Z,2026-08-14T05:46:41Z,-0.8,192.0
ML421E#S_ML#5,ML421E,S_ML,Meridian Star,2026-08-07T22:00:00Z,2026-08-14T05:46:41Z,2026-08-14T09:07:19Z,3.34,156.0
ML421E#S_ML#6,ML421E,S_ML,Meridian Star,2026-08-09T10:00:00Z,2026-08-14T09:07:19Z,2026-08-14T12:03:47Z,2.94,120.0
ML421E#S_ML#7,ML421E,S_ML,Meridian Star,2026-08-10T22:00:00Z,2026-08-14T12:03:47Z,2026-08-14T11:16:37Z,-0.79,84.0
ML421E#S_ML#8,ML421E,S_ML,Meridian Star,2026-08-12T10:00:00Z,2026-08-14T11:16:37Z,2026-08-14T10:49:37Z,-0.45,48.0
ML421E#S_ML#9,ML421E,S_ML,Meridian Star,2026-08-13T22:00:00Z,2026-08-14T10:49:37Z,2026-08-14T09:42:13Z,-1.12,12.0
ML421E#S_TE#0,ML421E,S_TE,Meridian Star,2026-08-12T10:00:00Z,2026-08-14T11:06:07Z,2026-08-14T10:32:07Z,-0.57,48.0
ML421E#S_TE#1,ML421E,S_TE,Meridian Star,2026-08-12T13:00:00Z,2026-08-14T10:32:07Z,2026-08-14T10:37:16Z,0.09,45.0
ML421E#S_TE#2,ML421E,S_TE,Meridian Star,2026-08-12T16:00:00Z,2026-08-14T10:37:16Z,2026-08-14T10:01:35Z,-0.59,42.0
ML421E#S_TE#3,ML421E,S_TE,Meridian Star,2026-08-12T19:00:00Z,2026-08-14T10:01:35Z,2026-08-14T09:54:48Z,-0.11,39.0
ML421E#S_TE#4,ML421E,S_TE,Meridian Star,2026-08-12T22:00:00Z,2026-08-14T09:54:48Z,2026-08-14T09:37:27Z,-0.29,36.0
ML421E#S_TE#5,ML421E,S_TE,Meridian Star,2026-08-13T01:00:00Z,2026-08-14T09:37:27Z,2026-08-14T10:22:19Z,0.75,33.0
ML421E#S_TE#6,ML421E,S_TE,Meridian Star,2026-08-13T04:00:00Z,2026-08-14T10:22:19Z,2026-08-14T09:24:26Z,-0.96,30.0
ML421E#S_TE#7,ML421E,S_TE,Meridian Star,2026-08-13T07:00:00Z,2026-08-14T09:24:26Z,2026-08-14T11:09:40Z,1.75,27.0
ML421E#S_TE#8,ML421E,S_TE,Meridian Star,2026-08-13T10:00:00Z,2026-08-14T11:09:40Z,2026-08-14T09:45:14Z,-1.41,24.0
ML421E#S_TE#9,ML421E,S_TE,Meridian Star,2026-08-13T13:00:00Z,2026-08-14T09:45:14Z,2026-08-14T11:47:39Z,2.04,21.0
ML421E#S_TE#10,ML421E,S_TE,Meridian Star,2026-08-13T16:00:00Z,2026-08-14T11:47:39Z,2026-08-14T10:17:32Z,-1.5,18.0
ML421E#S_TE#11,ML421E,S_TE,Meridian Star,2026-08-13T19:00:00Z,2026-08-14T10:17:32Z,2026-08-14T10:59:21Z,0.7,15.0
ML421E#S_TE#12,ML421E,S_TE,Meridian Star,2026-08-13T22:00:00Z,2026-08-14T10:59:21Z,2026-08-14T09:07:26Z,-1.87,12.0
ML421E#S_TE#13,ML421E,S_TE,Meridian Star,2026-08-14T01:00:00Z,2026-08-14T09:07:26Z,2026-08-14T10:12:21Z,1.08,9.0
ML421E#S_TE#14,ML421E,S_TE,Meridian Star,2026-08-14T04:00:00Z,2026-08-14T10:12:21Z,2026-08-14T10:04:39Z,-0.13,6.0
ML421E#S_TE#LATE,ML421E,S_TE,Meridian Star,2026-08-14T13:00:00Z,2026-08-14T10:04:39Z,2026-08-14T13:00:00Z,0.0,-3.0
OC202W#S_FE#0,OC202W,S_FE,Blue Ridge,2026-08-08T03:15:00Z,2026-08-11T18:20:34Z,2026-08-12T02:15:19Z,7.91,96.0
OC202W#S_FE#1,OC202W,S_FE,Blue Ridge,2026-08-08T09:15:00Z,2026-08-12T02:15:19Z,2026-08-11T23:16:10Z,-2.99,90.0
OC202W#S_FE#2,OC202W,S_FE,Blue Ridge,2026-08-08T15:15:00Z,2026-08-11T23:16:10Z,2026-08-12T11:19:42Z,12.06,84.0
OC202W#S_FE#3,OC202W,S_FE,Blue Ridge,2026-08-08T21:15:00Z,2026-08-12T11:19:42Z,2026-08-12T04:12:08Z,-7.13,78.0
OC202W#S_FE#4,OC202W,S_FE,Blue Ridge,2026-08-09T03:15:00Z,2026-08-12T04:12:08Z,2026-08-12T02:39:16Z,-1.55,72.0
OC202W#S_FE#5,OC202W,S_FE,Blue Ridge,2026-08-09T09:15:00Z,2026-08-12T02:39:16Z,2026-08-12T10:17:42Z,7.64,66.0
OC202W#S_FE#6,OC202W,S_FE,Blue Ridge,2026-08-09T15:15:00Z,2026-08-12T10:17:42Z,2026-08-12T03:29:35Z,-6.8,60.0
OC202W#S_FE#7,OC202W,S_FE,Blue Ridge,2026-08-09T21:15:00Z,2026-08-12T03:29:35Z,2026-08-12T08:34:59Z,5.09,54.0
OC202W#S_FE#8,OC202W,S_FE,Blue Ridge,2026-08-10T03:15:00Z,2026-08-12T08:34:59Z,2026-08-12T02:26:50Z,-6.14,48.0
OC202W#S_FE#9,OC202W,S_FE,Blue Ridge,2026-08-10T09:15:00Z,2026-08-12T02:26:50Z,2026-08-12T01:57:36Z,-0.49,42.0
OC202W#S_FE#10,OC202W,S_FE,Blue Ridge,2026-08-10T15:15:00Z,2026-08-12T01:57:36Z,2026-08-12T01:41:30Z,-0.27,36.0
OC202W#S_FE#11,OC202W,S_FE,Blue Ridge,2026-08-10T21:15:00Z,2026-08-12T01:41:30Z,2026-08-12T01:42:54Z,0.02,30.0
OC202W#S_FE#12,OC202W,S_FE,Blue Ridge,2026-08-11T03:15:00Z,2026-08-12T01:42:54Z,2026-08-12T01:38:05Z,-0.08,24.0
OC202W#S_FE#13,OC202W,S_FE,Blue Ridge,2026-08-11T09:15:00Z,2026-08-12T01:38:05Z,2026-08-12T04:16:34Z,2.64,18.0
OC202W#S_FE#14,OC202W,S_FE,Blue Ridge,2026-08-11T15:15:00Z,2026-08-12T04:16:34Z,2026-08-12T04:11:04Z,-0.09,12.0
OC202W#S_ML#0,OC202W,S_ML,Blue Ridge,2026-07-29T03:15:00Z,2026-08-10T23:45:14Z,2026-08-11T13:20:17Z,13.58,336.0
OC202W#S_ML#1,OC202W,S_ML,Blue Ridge,2026-07-30T15:15:00Z,2026-08-11T13:20:17Z,2026-08-11T18:03:24Z,4.72,300.0
OC202W#S_ML#2,OC202W,S_ML,Blue Ridge,2026-08-01T03:15:00Z,2026-08-11T18:03:24Z,2026-08-12T09:33:05Z,15.49,264.0
OC202W#S_ML#3,OC202W,S_ML,Blue Ridge,2026-08-02T15:15:00Z,2026-08-12T09:33:05Z,2026-08-12T05:40:53Z,-3.87,228.0
OC202W#S_ML#4,OC202W,S_ML,Blue Ridge,2026-08-04T03:15:00Z,2026-08-12T05:40:53Z,2026-08-11T23:08:19Z,-6.54,192.0
OC202W#S_ML#5,OC202W,S_ML,Blue Ridge,2026-08-05T15:15:00Z,2026-08-11T23:08:19Z,2026-08-12T01:10:10Z,2.03,156.0
OC202W#S_ML#6,OC202W,S_ML,Blue Ridge,2026-08-07T03:15:00Z,2026-08-12T01:10:10Z,2026-08-12T00:28:01Z,-0.7,120.0
OC202W#S_ML#7,OC202W,S_ML,Blue Ridge,2026-08-08T15:15:00Z,2026-08-12T00:28:01Z,2026-08-12T02:09:16Z,1.69,84.0
OC202W#S_ML#8,OC202W,S_ML,Blue Ridge,2026-08-10T03:15:00Z,2026-08-12T02:09:16Z,2026-08-12T04:50:44Z,2.69,48.0
OC202W#S_ML#9,OC202W,S_ML,Blue Ridge,2026-08-11T15:15:00Z,2026-08-12T04:50:44Z,2026-08-12T03:11:57Z,-1.65,12.0
OC202W#S_TE#0,OC202W,S_TE,Blue Ridge,2026-08-10T03:15:00Z,2026-08-11T08:50:18Z,2026-08-12T02:22:17Z,17.53,48.0
OC202W#S_TE#1,OC202W,S_TE,Blue Ridge,2026-08-10T06:15:00Z,2026-08-12T02:22:17Z,2026-08-12T03:34:48Z,1.21,45.0
OC202W#S_TE#2,OC202W,S_TE,Blue Ridge,2026-08-10T09:15:00Z,2026-08-12T03:34:48Z,2026-08-12T02:57:36Z,-0.62,42.0
OC202W#S_TE#3,OC202W,S_TE,Blue Ridge,2026-08-10T12:15:00Z,2026-08-12T02:57:36Z,2026-08-12T03:04:32Z,0.12,39.0
OC202W#S_TE#4,OC202W,S_TE,Blue Ridge,2026-08-10T15:15:00Z,2026-08-12T03:04:32Z,2026-08-12T04:08:23Z,1.06,36.0
OC202W#S_TE#5,OC202W,S_TE,Blue Ridge,2026-08-10T18:15:00Z,2026-08-12T04:08:23Z,2026-08-12T03:20:33Z,-0.8,33.0
OC202W#S_TE#6,OC202W,S_TE,Blue Ridge,2026-08-10T21:15:00Z,2026-08-12T03:20:33Z,2026-08-12T01:29:20Z,-1.85,30.0
OC202W#S_TE#7,OC202W,S_TE,Blue Ridge,2026-08-11T00:15:00Z,2026-08-12T01:29:20Z,2026-08-12T05:36:36Z,4.12,27.0
OC202W#S_TE#8,OC202W,S_TE,Blue Ridge,2026-08-11T03:15:00Z,2026-08-12T05:36:36Z,2026-08-12T01:52:38Z,-3.73,24.0
OC202W#S_TE#9,OC202W,S_TE,Blue Ridge,2026-08-11T06:15:00Z,2026-08-12T01:52:38Z,2026-08-12T02:03:04Z,0.17,21.0
OC202W#S_TE#10,OC202W,S_TE,Blue Ridge,2026-08-11T09:15:00Z,2026-08-12T02:03:04Z,2026-08-12T03:47:55Z,1.75,18.0
OC202W#S_TE#11,OC202W,S_TE,Blue Ridge,2026-08-11T12:15:00Z,2026-08-12T03:47:55Z,2026-08-12T03:10:51Z,-0.62,15.0
OC202W#S_TE#12,OC202W,S_TE,Blue Ridge,2026-08-11T15:15:00Z,2026-08-12T03:10:51Z,2026-08-12T03:22:45Z,0.2,12.0
OC202W#S_TE#13,OC202W,S_TE,Blue Ridge,2026-08-11T18:15:00Z,2026-08-12T03:22:45Z,2026-08-12T03:40:03Z,0.29,9.0
OC202W#S_TE#14,OC202W,S_TE,Blue Ridge,2026-08-11T21:15:00Z,2026-08-12T03:40:03Z,2026-08-12T03:40:32Z,0.01,6.0
OC203E#S_FE#0,OC203E,S_FE,Seat of Might,2026-08-11T03:45:00Z,2026-08-14T04:04:16Z,2026-08-15T06:43:48Z,26.66,96.0
OC203E#S_FE#1,OC203E,S_FE,Seat of Might,2026-08-11T09:45:00Z,2026-08-15T06:43:48Z,2026-08-15T05:23:35Z,-1.34,90.0
OC203E#S_FE#2,OC203E,S_FE,Seat of Might,2026-08-11T15:45:00Z,2026-08-15T05:23:35Z,2026-08-15T03:19:41Z,-2.07,84.0
OC203E#S_FE#3,OC203E,S_FE,Seat of Might,2026-08-11T21:45:00Z,2026-08-15T03:19:41Z,2026-08-15T05:02:49Z,1.72,78.0
OC203E#S_FE#4,OC203E,S_FE,Seat of Might,2026-08-12T03:45:00Z,2026-08-15T05:02:49Z,2026-08-15T05:38:30Z,0.59,72.0
OC203E#S_FE#5,OC203E,S_FE,Seat of Might,2026-08-12T09:45:00Z,2026-08-15T05:38:30Z,2026-08-15T04:49:22Z,-0.82,66.0
OC203E#S_FE#6,OC203E,S_FE,Seat of Might,2026-08-12T15:45:00Z,2026-08-15T04:49:22Z,2026-08-15T01:15:25Z,-3.57,60.0
OC203E#S_FE#7,OC203E,S_FE,Seat of Might,2026-08-12T21:45:00Z,2026-08-15T01:15:25Z,2026-08-15T07:15:56Z,6.01,54.0
OC203E#S_FE#8,OC203E,S_FE,Seat of Might,2026-08-13T03:45:00Z,2026-08-15T07:15:56Z,2026-08-15T03:32:12Z,-3.73,48.0
OC203E#S_FE#9,OC203E,S_FE,Seat of Might,2026-08-13T09:45:00Z,2026-08-15T03:32:12Z,2026-08-15T06:42:34Z,3.17,42.0
OC203E#S_FE#10,OC203E,S_FE,Seat of Might,2026-08-13T15:45:00Z,2026-08-15T06:42:34Z,2026-08-15T05:04:49Z,-1.63,36.0
OC203E#S_FE#11,OC203E,S_FE,Seat of Might,2026-08-13T21:45:00Z,2026-08-15T05:04:49Z,2026-08-15T04:29:47Z,-0.58,30.0
OC203E#S_FE#12,OC203E,S_FE,Seat of Might,2026-08-14T03:45:00Z,2026-08-15T04:29:47Z,2026-08-15T04:00:15Z,-0.49,24.0
OC203E#S_FE#13,OC203E,S_FE,Seat of Might,2026-08-14T09:45:00Z,2026-08-15T04:00:15Z,2026-08-15T02:08:28Z,-1.86,18.0
OC203E#S_FE#14,OC203E,S_FE,Seat of Might,2026-08-14T15:45:00Z,2026-08-15T02:08:28Z,2026-08-15T03:42:23Z,1.57,12.0
OC203E#S_ML#0,OC203E,S_ML,Seat of Might,2026-08-01T03:45:00Z,2026-08-14T12:00:56Z,2026-08-15T09:14:29Z,21.23,336.0
OC203E#S_ML#1,OC203E,S_ML,Seat of Might,2026-08-02T15:45:00Z,2026-08-15T09:14:29Z,2026-08-14T18:55:47Z,-14.31,300.0
OC203E#S_ML#2,OC203E,S_ML,Seat of Might,2026-08-04T03:45:00Z,2026-08-14T18:55:47Z,2026-08-15T02:26:35Z,7.51,264.0
OC203E#S_ML#3,OC203E,S_ML,Seat of Might,2026-08-05T15:45:00Z,2026-08-15T02:26:35Z,2026-08-15T02:53:42Z,0.45,228.0
OC203E#S_ML#4,OC203E,S_ML,Seat of Might,2026-08-07T03:45:00Z,2026-08-15T02:53:42Z,2026-08-14T12:54:23Z,-13.99,192.0
OC203E#S_ML#5,OC203E,S_ML,Seat of Might,2026-08-08T15:45:00Z,2026-08-14T12:54:23Z,2026-08-15T08:48:01Z,19.89,156.0
OC203E#S_ML#6,OC203E,S_ML,Seat of Might,2026-08-10T03:45:00Z,2026-08-15T08:48:01Z,2026-08-15T07:39:48Z,-1.14,120.0
OC203E#S_ML#7,OC203E,S_ML,Seat of Might,2026-08-11T15:45:00Z,2026-08-15T07:39:48Z,2026-08-15T03:28:03Z,-4.2,84.0
OC203E#S_ML#8,OC203E,S_ML,Seat of Might,2026-08-13T03:45:00Z,2026-08-15T03:28:03Z,2026-08-15T02:41:45Z,-0.77,48.0
OC203E#S_ML#9,OC203E,S_ML,Seat of Might,2026-08-14T15:45:00Z,2026-08-15T02:41:45Z,2026-08-15T03:28:01Z,0.77,12.0
OC203E#S_TE#0,OC203E,S_TE,Seat of Might,2026-08-13T03:45:00Z,2026-08-14T02:09:31Z,2026-08-15T03:45:22Z,25.6,48.0
OC203E#S_TE#1,OC203E,S_TE,Seat of Might,2026-08-13T06:45:00Z,2026-08-15T03:45:22Z,2026-08-15T06:36:24Z,2.85,45.0
OC203E#S_TE#2,OC203E,S_TE,Seat of Might,2026-08-13T09:45:00Z,2026-08-15T06:36:24Z,2026-08-15T03:21:56Z,-3.24,42.0
OC203E#S_TE#3,OC203E,S_TE,Seat of Might,2026-08-13T12:45:00Z,2026-08-15T03:21:56Z,2026-08-15T03:40:58Z,0.32,39.0
OC203E#S_TE#4,OC203E,S_TE,Seat of Might,2026-08-13T15:45:00Z,2026-08-15T03:40:58Z,2026-08-15T04:35:25Z,0.91,36.0
OC203E#S_TE#5,OC203E,S_TE,Seat of Might,2026-08-13T18:45:00Z,2026-08-15T04:35:25Z,2026-08-15T02:48:47Z,-1.78,33.0
OC203E#S_TE#6,OC203E,S_TE,Seat of Might,2026-08-13T21:45:00Z,2026-08-15T02:48:47Z,2026-08-15T04:19:18Z,1.51,30.0
OC203E#S_TE#7,OC203E,S_TE,Seat of Might,2026-08-14T00:45:00Z,2026-08-15T04:19:18Z,2026-08-15T03:11:02Z,-1.14,27.0
OC203E#S_TE#8,OC203E,S_TE,Seat of Might,2026-08-14T03:45:00Z,2026-08-15T03:11:02Z,2026-08-15T03:10:44Z,-0.01,24.0
OC203E#S_TE#9,OC203E,S_TE,Seat of Might,2026-08-14T06:45:00Z,2026-08-15T03:10:44Z,2026-08-15T03:57:47Z,0.78,21.0
OC203E#S_TE#10,OC203E,S_TE,Seat of Might,2026-08-14T09:45:00Z,2026-08-15T03:57:47Z,2026-08-15T04:01:47Z,0.07,18.0
OC203E#S_TE#11,OC203E,S_TE,Seat of Might,2026-08-14T12:45:00Z,2026-08-15T04:01:47Z,2026-08-15T03:05:52Z,-0.93,15.0
OC203E#S_TE#12,OC203E,S_TE,Seat of Might,2026-08-14T15:45:00Z,2026-08-15T03:05:52Z,2026-08-15T04:16:25Z,1.18,12.0
OC203E#S_TE#13,OC203E,S_TE,Seat of Might,2026-08-14T18:45:00Z,2026-08-15T04:16:25Z,2026-08-15T03:35:18Z,-0.69,9.0
OC203E#S_TE#14,OC203E,S_TE,Seat of Might,2026-08-14T21:45:00Z,2026-08-15T03:35:18Z,2026-08-15T04:19:50Z,0.74,6.0
